Gender,FSIQ,VIQ,PIQ,Weight,Height,MRI_Count
Female,77,83,72,106,63,793549
Female,77,83,72,106,63,893549
Male,80,77,86,180,70,889083
Male,81,90,74,148,74,930016
Female,83,71,96,135,68,865363
Male,83,83,86,,,892420
male,83,83,86,,,892420
Male,83,83,86,,,892420
Male,83,83,,,,892420
Female,83,90,81,143,66.5,834344
Female,85,90,84,140,68,798612
Female,88,86,94,139,64.5,893983
Male,89,91,89,179,75.5,935863
Male,89,93,84,134,66.3,904858
Male,90,96,86,181,69,879987
Female,91,86,102,114,63,831772
Female,92,90,98,175,66,854258
Female,96,100,90,146,66,878897
Male,97,107,84,186,76.5,905940
Female,99,90,110,146,69,928799
Male,100,96,102,178,73.5,945088
Female,101,112,84,136,66.3,808020
Male,103,96,110,187,77,1062462
Male,103,96,110,192,75.5,997925
Female,130,126,124,159,66.5,866662
Female,132,129,124,118,64.5,833868
Female,132,132,120,127,68.5,852244
Male,133,114,147,172,68.8,955466
Female,133,126,132,127,62.5,857782
Female,133,129,128,153,66.5,948066
Male,133,129,128,172,68.8,965353
Male,133,129,128,172,68.8,965353
Female,133,132,124,118,64.5,816932
Female,133,132,124,118,64.5,816932
Female ,133,132,124,118,64.5,816932
Male,135,129,124,155,69,924059
Female,135,129,134,122,62,790619
Female,137,132,134,147,65,951545
Female,138,136,131,138,64.5,991305
Male,139,123,150,143,73.3,1038437
Male,139,145,128,132,68,955003
Female,140,120,147,155,70.5,856472
Male,140,150,124,144,70.5,949395
Male,140,150,124,,72.5,1001121
Male,141,145,131,171,72,935494
Male,141,150,128,151,70,1079549
Male,144,145,137,191,67,949589
